{
    "compiler": {
        "p50": 0.00022630000012213713,
        "p90": 0.00024959999973361846,
        "p95": 0.000283800000033807,
        "p99": 0.0004576999999699183,
        "max": 0.0004576999999699183,
        "min": 0.00020300000005590846,
        "avg": 0.0002358879999974306,
        "count": 50,
        "cpu_time_s": 0.015625
    },
    "policy_engine": {
        "p50": 3.349999997226405e-05,
        "p90": 3.6500000078376615e-05,
        "p95": 3.880000031131203e-05,
        "p99": 6.889999986015027e-05,
        "max": 6.889999986015027e-05,
        "min": 3.260000039517763e-05,
        "avg": 3.4640000021681774e-05,
        "count": 100,
        "cpu_time_s": 0.0
    },
    "memory_store": {
        "p50": 5.200000032345997e-06,
        "p90": 5.80000005356851e-06,
        "p95": 6.8999997893115506e-06,
        "p99": 1.2999999853491317e-05,
        "max": 1.2999999853491317e-05,
        "min": 4.7999997150327545e-06,
        "avg": 5.394999984673632e-06,
        "count": 100
    },
    "memory_check": {
        "p50": 0.00022919999992154771,
        "p90": 0.000382400000034977,
        "p95": 0.0004028000003017951,
        "p99": 0.00043330000016794656,
        "max": 0.00043330000016794656,
        "min": 2.210000002378365e-05,
        "avg": 0.00022256199999901583,
        "count": 100
    },
    "memory_manager_cpu_time_s": 0.015625,
    "context_manager": {
        "p50": 5.5700000302749686e-05,
        "p90": 0.00012209999977130792,
        "p95": 0.00013410000019575818,
        "p99": 0.00015249999978550477,
        "max": 0.00015249999978550477,
        "min": 8.700000307726441e-06,
        "avg": 6.250599999020779e-05,
        "count": 100,
        "cpu_time_s": 0.015625
    },
    "model_router": {
        "p50": 1.6200000118260505e-05,
        "p90": 1.720000000204891e-05,
        "p95": 1.849999989644857e-05,
        "p99": 3.770000012082164e-05,
        "max": 3.770000012082164e-05,
        "min": 1.4799999917158857e-05,
        "avg": 1.660499998706655e-05,
        "count": 100,
        "cpu_time_s": 0.0
    },
    "provider_health_manager": {
        "p50": 2.300000005561742e-05,
        "p90": 2.5599999844416743e-05,
        "p95": 2.7800000225397525e-05,
        "p99": 0.00017139999999926658,
        "max": 0.00017139999999926658,
        "min": 2.1800000013172394e-05,
        "avg": 2.5265999984185327e-05,
        "count": 100,
        "cpu_time_s": 0.0
    },
    "checkpoint_manager": {
        "p50": 0.009349500000098487,
        "p90": 0.013853599999947619,
        "p95": 0.01602359999969849,
        "p99": 0.018504900000152702,
        "max": 0.018504900000152702,
        "min": 0.005917899999985821,
        "avg": 0.01009307200002695,
        "count": 50,
        "cpu_time_s": 0.09375
    },
    "runtime_a_competitive": {
        "p50": 0.062265000000024884,
        "p90": 0.06328639999992447,
        "p95": 0.06362749999971129,
        "p99": 0.06409609999991517,
        "max": 0.06409609999991517,
        "min": 0.059722799999690324,
        "avg": 0.06226551599997947,
        "count": 50
    },
    "runtime_b_standard": {
        "p50": 0.26469719999977315,
        "p90": 0.2671397000003708,
        "p95": 0.2674372999999832,
        "p99": 0.2696356999999807,
        "max": 0.2696356999999807,
        "min": 0.2606785000002674,
        "avg": 0.2646733580000273,
        "count": 50
    },
    "runtime_c_micro": {
        "p50": 0.0154077000001962,
        "p90": 0.016071399999873393,
        "p95": 0.01613420000012411,
        "p99": 0.01626299999998082,
        "max": 0.01626299999998082,
        "min": 0.014893300000039744,
        "avg": 0.015494925999983025,
        "count": 50
    },
    "runtime_d_direct": {
        "p50": 0.10875179999993634,
        "p90": 0.1097964000000502,
        "p95": 0.10991809999995894,
        "p99": 0.11153580000018337,
        "max": 0.11153580000018337,
        "min": 0.10692920000019512,
        "avg": 0.10863483599999199,
        "count": 50
    },
    "runtime_e_retrieval": {
        "p50": 0.00010720000000219443,
        "p90": 0.00026459999980943394,
        "p95": 0.00028090000023439643,
        "p99": 0.00469569999995656,
        "max": 0.00469569999995656,
        "min": 0.00010029999975813553,
        "avg": 0.00022801799997068884,
        "count": 50
    },
    "gateway": {
        "p50": 0.0013632999998662854,
        "p90": 0.006022300000040559,
        "p95": 0.006039800000053219,
        "p99": 0.010778700000173558,
        "max": 0.010778700000173558,
        "min": 0.001170300000012503,
        "avg": 0.002760991999939506,
        "count": 50,
        "cpu_time_s": 0.453125
    },
    "request_manager": {
        "p50": 1.6599999980826396e-05,
        "p90": 1.7100000150094274e-05,
        "p95": 1.810000003388268e-05,
        "p99": 2.9199999971751822e-05,
        "max": 2.9199999971751822e-05,
        "min": 1.4899999769113492e-05,
        "avg": 1.6503000001648615e-05,
        "count": 100,
        "cpu_time_s": 0.0
    },
    "tool_manager": {
        "p50": 0.00013070000022707973,
        "p90": 0.0002104000000144879,
        "p95": 0.00032980000014504185,
        "p99": 0.0008619000000180677,
        "max": 0.0008619000000180677,
        "min": 0.00011390000008759671,
        "avg": 0.0001606540000238965,
        "count": 100,
        "cpu_time_s": 0.015625
    },
    "memory_usage": {
        "current_mb": 3.0491294860839844,
        "peak_mb": 3.1220998764038086
    },
    "stress": {
        "latencies": {
            "eventbus_publish": {
                "p50": 4.0531158447265625e-06,
                "p90": 5.245208740234375e-06,
                "p95": 7.867813110351562e-06,
                "p99": 1.621246337890625e-05,
                "max": 0.02659463882446289,
                "avg": 5.44525533914566e-06,
                "count": 160000
            },
            "eventbus_total_duration": {
                "p50": 20.889222383499146,
                "p90": 79.48832368850708,
                "p95": 79.48832368850708,
                "p99": 79.48832368850708,
                "max": 79.48832368850708,
                "avg": 33.84976498285929,
                "count": 3
            },
            "registry_insert": {
                "p50": 6.341934204101562e-05,
                "p90": 0.0001266002655029297,
                "p95": 0.00014901161193847656,
                "p99": 0.00022745132446289062,
                "max": 0.0019059181213378906,
                "avg": 7.945971410782611e-05,
                "count": 6100
            },
            "registry_update": {
                "p50": 5.8650970458984375e-05,
                "p90": 0.00010609626770019531,
                "p95": 0.00013208389282226562,
                "p99": 0.00019431114196777344,
                "max": 0.0010845661163330078,
                "avg": 6.93688627149238e-05,
                "count": 6100
            },
            "registry_remove": {
                "p50": 5.7697296142578125e-05,
                "p90": 8.821487426757812e-05,
                "p95": 0.00011420249938964844,
                "p99": 0.0002110004425048828,
                "max": 0.00041985511779785156,
                "avg": 6.616244550611152e-05,
                "count": 6100
            },
            "env_provision": {
                "p50": 0.0008766651153564453,
                "p90": 0.0017039775848388672,
                "p95": 0.002220630645751953,
                "p99": 0.002980947494506836,
                "max": 0.0048525333404541016,
                "avg": 0.0010859036445617675,
                "count": 600
            },
            "env_deprovision": {
                "p50": 0.0005452632904052734,
                "p90": 0.0011839866638183594,
                "p95": 0.0015711784362792969,
                "p99": 0.002658367156982422,
                "max": 0.024977684020996094,
                "avg": 0.0007525138060251871,
                "count": 600
            },